episode,agent,avg_reward,avg_reward_10s,avg_progress,avg_progress_10s,wrong_way_count,wrong_way_percentage,right_way_percentage,collision_occurred,collision_count,opponent_collision_count,most_frequent_rank
1,C,-47.38,-94.56,0.12,0.24,0,0.00,100.00,Yes,0,774,3
1,B,-44.07,-87.97,0.13,0.27,0,0.00,100.00,Yes,706,708,1
1,A,-53.28,-106.35,0.13,0.26,0,0.00,100.00,Yes,119,1482,2
2,C,-29.46,-58.81,0.15,0.29,0,0.00,100.00,Yes,86,509,3
2,B,-36.06,-71.98,0.16,0.33,0,0.00,100.00,Yes,628,639,1
2,A,-39.77,-79.38,0.16,0.33,0,0.00,100.00,Yes,148,1148,2
3,C,-27.06,-54.01,0.16,0.31,0,0.00,100.00,Yes,50,537,3
3,B,-28.36,-56.61,0.17,0.34,0,0.00,100.00,Yes,538,582,1
3,A,-34.86,-69.59,0.17,0.34,0,0.00,100.00,Yes,445,1119,2
4,C,-15.34,-30.62,0.17,0.35,0,0.00,100.00,Yes,358,207,3
4,B,-33.34,-66.56,0.18,0.35,0,0.00,100.00,Yes,0,738,2
4,A,-42.45,-84.72,0.19,0.37,0,0.00,100.00,Yes,387,729,1
5,C,-23.34,-46.59,0.17,0.34,0,0.00,100.00,Yes,467,76,3
5,B,-15.24,-30.42,0.18,0.36,0,0.00,100.00,Yes,285,199,2
5,A,-20.34,-40.60,0.19,0.39,0,0.00,100.00,Yes,400,165,1
6,C,-30.84,-61.56,0.18,0.36,0,0.00,100.00,Yes,523,111,3
6,B,-27.93,-55.76,0.20,0.39,0,0.00,100.00,Yes,559,256,1
6,A,-37.84,-75.54,0.19,0.38,0,0.00,100.00,Yes,560,367,2
7,C,-20.54,-41.00,0.17,0.34,0,0.00,100.00,Yes,506,0,3
7,B,-20.74,-41.40,0.19,0.37,0,0.00,100.00,Yes,485,25,2
7,A,-24.64,-49.18,0.20,0.40,0,0.00,100.00,Yes,539,25,1
8,C,-24.04,-47.99,0.18,0.35,0,0.00,100.00,Yes,335,301,3
8,B,-25.74,-51.39,0.19,0.38,0,0.00,100.00,Yes,556,191,1
8,A,-31.65,-63.17,0.19,0.38,0,0.00,100.00,Yes,391,492,2
9,C,-35.54,-70.94,0.19,0.37,0,0.00,100.00,Yes,595,594,2
9,B,-26.75,-53.39,0.18,0.36,0,0.00,100.00,Yes,0,568,3
9,A,-27.43,-54.75,0.20,0.41,0,0.00,100.00,Yes,571,26,1
10,C,-48.68,-97.16,0.12,0.24,0,0.00,100.00,Yes,55,732,3
10,B,-52.28,-104.35,0.13,0.27,0,0.00,100.00,Yes,734,685,1
10,A,-53.58,-106.95,0.13,0.26,0,0.00,100.00,Yes,667,1417,2
11,C,-31.95,-63.77,0.18,0.36,0,0.00,100.00,Yes,567,321,3
11,B,-17.04,-34.02,0.19,0.39,0,0.00,100.00,Yes,378,101,2
11,A,-25.45,-50.81,0.19,0.38,0,0.00,100.00,Yes,551,422,1
12,C,-13.64,-27.23,0.16,0.31,0,0.00,100.00,Yes,315,176,3
12,B,-25.25,-50.39,0.17,0.34,0,0.00,100.00,Yes,547,176,2
12,A,-31.53,-62.94,0.20,0.41,0,0.00,100.00,Yes,616,0,1
13,C,-30.64,-61.15,0.18,0.36,0,0.00,100.00,Yes,588,147,3
13,B,-21.84,-43.58,0.20,0.40,0,0.00,100.00,Yes,497,182,1
13,A,-27.44,-54.78,0.19,0.39,0,0.00,100.00,Yes,546,329,2
14,C,-18.84,-37.60,0.18,0.35,0,0.00,100.00,Yes,441,65,3
14,B,-23.44,-46.78,0.19,0.39,0,0.00,100.00,Yes,0,600,2
14,A,-32.14,-64.15,0.20,0.40,0,0.00,100.00,Yes,540,535,1
15,C,-13.54,-27.02,0.18,0.36,0,0.00,100.00,Yes,436,0,3
15,B,-8.03,-16.03,0.19,0.38,0,0.00,100.00,Yes,274,115,2
15,A,-19.73,-39.38,0.20,0.41,0,0.00,100.00,Yes,450,115,1
16,C,-32.16,-64.19,0.15,0.31,0,0.00,100.00,Yes,80,547,3
16,B,-40.06,-79.96,0.17,0.34,0,0.00,100.00,Yes,591,673,1
16,A,-43.67,-87.16,0.17,0.34,0,0.00,100.00,Yes,339,1220,2
17,C,-26.25,-52.39,0.17,0.34,0,0.00,100.00,Yes,221,342,3
17,B,-27.55,-54.99,0.19,0.37,0,0.00,100.00,Yes,365,561,2
17,A,-40.06,-79.95,0.19,0.38,0,0.00,100.00,Yes,641,903,1
18,C,-25.03,-49.96,0.19,0.37,0,0.00,100.00,Yes,551,0,3
18,B,-19.03,-37.97,0.20,0.40,0,0.00,100.00,Yes,0,491,2
18,A,-27.13,-54.15,0.21,0.42,0,0.00,100.00,Yes,441,491,1
19,C,-26.93,-53.75,0.19,0.38,0,0.00,100.00,Yes,552,60,3
19,B,-23.53,-46.96,0.20,0.40,0,0.00,100.00,Yes,0,596,2
19,A,-29.93,-59.74,0.21,0.42,0,0.00,100.00,Yes,431,536,1
20,C,-28.94,-57.76,0.16,0.31,0,0.00,100.00,Yes,590,0,3
20,B,-22.84,-45.58,0.19,0.38,0,0.00,100.00,Yes,529,0,2
20,A,-1.82,-3.63,0.22,0.44,0,0.00,100.00,Yes,319,0,1
21,C,-26.84,-53.57,0.18,0.35,0,0.00,100.00,Yes,569,0,3
21,B,-7.52,-15.01,0.20,0.41,0,0.00,100.00,Yes,376,52,2
21,A,-19.73,-39.38,0.21,0.42,0,0.00,100.00,Yes,487,52,1
22,C,-31.54,-62.96,0.18,0.36,0,0.00,100.00,Yes,571,343,3
22,B,-19.04,-38.01,0.19,0.37,0,0.00,100.00,Yes,432,343,2
22,A,-2.92,-5.82,0.22,0.43,0,0.00,100.00,Yes,330,0,1
23,C,-19.94,-39.80,0.17,0.34,0,0.00,100.00,Yes,485,37,3
23,B,-18.54,-37.01,0.18,0.36,0,0.00,100.00,Yes,475,37,2
23,A,-7.51,-14.98,0.24,0.47,0,0.00,100.00,Yes,376,0,1
24,C,-30.33,-60.55,0.19,0.38,0,0.00,100.00,Yes,496,132,3
24,B,4.67,9.32,0.19,0.39,0,0.00,100.00,Yes,199,230,3
24,A,-15.94,-31.81,0.21,0.42,0,0.00,100.00,Yes,431,362,1
25,C,-26.54,-52.97,0.17,0.34,0,0.00,100.00,Yes,410,162,3
25,B,-15.04,-30.01,0.20,0.41,0,0.00,100.00,Yes,448,250,1
25,A,-24.75,-49.39,0.21,0.41,0,0.00,100.00,Yes,474,412,2
26,C,-20.93,-41.78,0.19,0.37,0,0.00,100.00,Yes,493,36,3
26,B,-12.63,-25.20,0.20,0.40,0,0.00,100.00,Yes,399,36,2
26,A,18.90,37.72,0.24,0.48,0,0.00,100.00,Yes,112,0,1
27,C,-17.33,-34.60,0.19,0.37,0,0.00,100.00,Yes,474,4,3
27,B,-13.23,-26.41,0.20,0.40,0,0.00,100.00,Yes,433,4,2
27,A,21.01,41.93,0.24,0.48,0,0.00,100.00,Yes,91,0,1
28,C,-25.52,-50.93,0.20,0.39,0,0.00,100.00,Yes,554,15,3
28,B,-1.52,-3.03,0.21,0.41,0,0.00,100.00,Yes,254,77,2
28,A,15.09,30.13,0.23,0.46,0,0.00,100.00,Yes,88,62,1
29,C,-30.23,-60.34,0.19,0.38,0,0.00,100.00,Yes,554,114,3
29,B,-16.62,-33.18,0.20,0.40,0,0.00,100.00,Yes,426,114,2
29,A,7.01,13.98,0.25,0.50,0,0.00,100.00,Yes,231,0,1
30,C,-32.73,-65.33,0.19,0.39,0,0.00,100.00,Yes,625,32,3
30,B,-10.12,-20.21,0.21,0.42,0,0.00,100.00,Yes,390,32,2
30,A,2.51,5.00,0.25,0.49,0,0.00,100.00,Yes,276,0,1
31,C,-30.55,-60.97,0.18,0.35,0,0.00,100.00,Yes,389,405,3
31,B,-32.25,-64.36,0.20,0.39,0,0.00,100.00,Yes,574,567,1
31,A,-40.05,-79.94,0.19,0.39,0,0.00,100.00,Yes,616,972,2
32,C,-37.45,-74.75,0.18,0.36,0,0.00,100.00,Yes,648,524,3
32,B,-24.45,-48.81,0.19,0.38,0,0.00,100.00,Yes,517,524,2
32,A,27.31,54.51,0.26,0.51,0,0.00,100.00,Yes,28,0,1
33,C,-31.02,-61.92,0.19,0.38,0,0.00,100.00,Yes,611,0,3
33,B,-11.42,-22.79,0.21,0.41,0,0.00,100.00,Yes,415,0,2
33,A,25.12,50.14,0.28,0.55,0,0.00,100.00,Yes,50,0,1
34,C,-19.22,-38.36,0.19,0.37,0,0.00,100.00,Yes,493,0,3
34,B,-37.76,-75.36,0.17,0.33,0,0.00,100.00,Yes,271,407,2
34,A,-27.74,-55.37,0.16,0.31,0,0.00,100.00,Yes,171,407,3
35,C,-52.99,-105.76,0.10,0.19,0,0.00,100.00,Yes,830,0,3
35,B,-15.41,-30.77,0.22,0.43,0,0.00,100.00,Yes,0,455,2
35,A,-24.62,-49.13,0.23,0.46,0,0.00,100.00,Yes,280,455,1
36,C,-29.22,-58.32,0.20,0.40,0,0.00,100.00,Yes,580,33,2
36,B,-5.12,-10.21,0.21,0.41,0,0.00,100.00,Yes,293,78,1
36,A,-42.68,-85.18,0.15,0.29,0,0.00,100.00,Yes,688,45,3
37,C,-35.16,-70.17,0.17,0.33,0,0.00,100.00,Yes,652,0,3
37,B,-1.41,-2.82,0.21,0.42,0,0.00,100.00,Yes,315,0,2
37,A,25.31,50.53,0.26,0.51,0,0.00,100.00,Yes,48,0,1
38,C,-21.92,-43.76,0.19,0.38,0,0.00,100.00,Yes,514,21,3
38,B,-10.62,-21.21,0.21,0.42,0,0.00,100.00,Yes,406,21,2
38,A,30.13,60.13,0.28,0.55,0,0.00,100.00,No,0,0,1
39,C,-48.57,-96.94,0.15,0.29,0,0.00,100.00,Yes,69,727,3
39,B,-43.37,-86.56,0.15,0.31,0,0.00,100.00,Yes,558,727,2
39,A,21.11,42.13,0.26,0.51,0,0.00,100.00,Yes,90,0,1
40,C,-16.93,-33.79,0.18,0.36,0,0.00,100.00,Yes,470,0,2
40,B,-1.21,-2.41,0.22,0.44,0,0.00,100.00,Yes,283,30,1
40,A,-3.63,-7.25,0.08,0.16,0,0.00,100.00,Yes,307,30,3
41,C,-23.62,-47.14,0.20,0.40,0,0.00,100.00,Yes,529,27,3
41,B,-6.11,-12.20,0.21,0.42,0,0.00,100.00,Yes,359,27,2
41,A,28.01,55.91,0.25,0.49,0,0.00,100.00,Yes,21,0,1
42,C,-24.11,-48.13,0.20,0.40,0,0.00,100.00,Yes,542,0,2
42,B,8.49,16.95,0.22,0.44,0,0.00,100.00,Yes,158,58,1
42,A,-5.55,-11.07,0.15,0.31,552,55.20,44.80,Yes,303,58,3
43,C,-17.71,-35.35,0.21,0.41,0,0.00,100.00,Yes,444,40,3
43,B,9.49,18.95,0.22,0.44,0,0.00,100.00,Yes,185,54,2
43,A,22.01,43.93,0.25,0.51,0,0.00,100.00,Yes,67,14,1
44,C,-31.42,-62.72,0.19,0.39,0,0.00,100.00,Yes,615,0,3
44,B,4.40,8.78,0.22,0.43,0,0.00,100.00,Yes,257,0,2
44,A,29.21,58.30,0.26,0.52,0,0.00,100.00,Yes,9,0,1
45,C,-29.53,-58.93,0.20,0.39,0,0.00,100.00,Yes,596,0,1
45,B,-45.46,-90.74,0.17,0.34,0,0.00,100.00,Yes,62,739,3
45,A,-45.86,-91.54,0.18,0.35,0,0.00,100.00,Yes,599,739,2
46,C,-15.20,-30.35,0.21,0.42,0,0.00,100.00,Yes,443,10,3
46,B,8.00,15.96,0.22,0.44,0,0.00,100.00,Yes,211,10,2
46,A,19.72,39.37,0.27,0.55,0,0.00,100.00,Yes,104,0,1
47,C,-24.82,-49.54,0.20,0.39,0,0.00,100.00,Yes,549,0,3
47,B,4.99,9.96,0.22,0.44,0,0.00,100.00,Yes,213,38,1
47,A,6.76,13.50,0.17,0.33,393,39.30,60.70,Yes,195,38,1
48,C,-27.61,-55.11,0.20,0.39,0,0.00,100.00,Yes,577,0,3
48,B,4.70,9.37,0.22,0.43,0,0.00,100.00,Yes,254,0,2
48,A,22.52,44.95,0.27,0.55,0,0.00,100.00,Yes,76,0,1
49,C,-32.51,-64.90,0.21,0.41,0,0.00,100.00,Yes,626,0,3
49,B,3.70,7.38,0.23,0.45,0,0.00,100.00,Yes,264,0,2
49,A,17.81,35.54,0.26,0.52,0,0.00,100.00,Yes,123,0,1
50,C,-25.71,-51.31,0.22,0.43,0,0.00,100.00,Yes,558,0,1
50,B,4.58,9.13,0.17,0.35,0,0.00,100.00,Yes,20,235,2
50,A,-34.77,-69.41,0.12,0.24,0,0.00,100.00,Yes,413,235,3
51,C,-30.21,-60.30,0.21,0.41,0,0.00,100.00,Yes,603,0,3
51,B,9.60,19.16,0.22,0.45,0,0.00,100.00,Yes,200,5,2
51,A,26.52,52.94,0.27,0.54,0,0.00,100.00,Yes,31,5,1
52,C,-32.96,-65.79,0.11,0.21,0,0.00,100.00,Yes,630,0,3
52,B,17.90,35.74,0.24,0.47,0,0.00,100.00,Yes,122,0,2
52,A,30.13,60.13,0.28,0.56,0,0.00,100.00,No,0,0,1
53,C,-16.51,-32.95,0.20,0.40,0,0.00,100.00,Yes,466,0,3
53,B,20.30,40.52,0.23,0.46,0,0.00,100.00,Yes,98,0,2
53,A,26.13,52.15,0.28,0.56,0,0.00,100.00,Yes,40,0,1
54,C,-31.61,-63.09,0.20,0.41,0,0.00,100.00,Yes,617,0,1
54,B,-54.98,-109.73,0.14,0.27,0,0.00,100.00,Yes,0,850,3
54,A,-55.58,-110.94,0.14,0.28,0,0.00,100.00,Yes,801,850,2
55,C,-19.11,-38.15,0.20,0.39,0,0.00,100.00,Yes,492,0,1
55,B,-48.57,-96.94,0.16,0.32,0,0.00,100.00,Yes,732,751,3
55,A,-46.07,-91.95,0.17,0.34,0,0.00,100.00,Yes,691,751,2
56,C,-30.80,-61.49,0.21,0.42,0,0.00,100.00,Yes,586,39,3
56,B,11.00,21.95,0.22,0.45,0,0.00,100.00,Yes,182,39,2
56,A,27.71,55.32,0.26,0.52,0,0.00,100.00,Yes,24,0,1
57,C,-23.52,-46.94,0.21,0.43,0,0.00,100.00,Yes,536,0,1
57,B,-45.77,-91.36,0.14,0.29,0,0.00,100.00,Yes,596,162,3
57,A,-38.37,-76.59,0.15,0.30,0,0.00,100.00,Yes,522,162,2
58,C,-20.39,-40.70,0.23,0.46,0,0.00,100.00,Yes,498,11,3
58,B,21.31,42.53,0.24,0.48,0,0.00,100.00,Yes,77,11,2
58,A,15.72,31.38,0.26,0.53,0,0.00,100.00,Yes,144,0,1
59,C,-21.10,-42.11,0.22,0.44,0,0.00,100.00,Yes,512,0,3
59,B,13.50,26.95,0.23,0.47,0,0.00,100.00,Yes,166,0,2
59,A,27.63,55.15,0.28,0.56,0,0.00,100.00,Yes,25,0,1
60,C,-24.00,-47.90,0.22,0.44,0,0.00,100.00,Yes,541,0,3
60,B,15.21,30.36,0.25,0.49,0,0.00,100.00,Yes,149,0,2
60,A,1.60,3.20,0.28,0.55,0,0.00,100.00,Yes,285,0,1
61,C,-22.72,-45.35,0.18,0.36,0,0.00,100.00,Yes,528,0,3
61,B,-38.55,-76.95,0.18,0.37,0,0.00,100.00,Yes,301,670,2
61,A,-38.45,-76.76,0.19,0.38,0,0.00,100.00,Yes,614,670,1
62,C,-25.42,-50.74,0.20,0.39,0,0.00,100.00,Yes,555,0,3
62,B,21.00,41.93,0.24,0.48,0,0.00,100.00,Yes,91,0,2
62,A,29.33,58.55,0.30,0.59,0,0.00,100.00,Yes,8,0,1
63,C,-17.80,-35.53,0.21,0.42,0,0.00,100.00,Yes,479,0,1
63,B,-47.67,-95.15,0.15,0.29,0,0.00,100.00,Yes,717,749,3
63,A,-48.97,-97.75,0.16,0.31,0,0.00,100.00,Yes,765,749,2
64,C,-29.60,-59.08,0.22,0.43,0,0.00,100.00,Yes,597,0,2
64,B,11.81,23.56,0.23,0.47,0,0.00,100.00,Yes,183,0,1
64,A,-34.76,-69.38,0.19,0.37,0,0.00,100.00,Yes,648,0,3
65,C,-40.74,-81.32,0.20,0.39,0,0.00,100.00,Yes,669,462,2
65,B,-20.45,-40.81,0.20,0.40,0,0.00,100.00,Yes,431,462,1
65,A,-34.06,-67.98,0.19,0.38,0,0.00,100.00,Yes,641,0,3
66,C,-14.40,-28.74,0.22,0.44,0,0.00,100.00,Yes,445,0,3
66,B,17.12,34.17,0.26,0.51,0,0.00,100.00,Yes,130,0,1
66,A,-9.12,-18.20,0.21,0.43,0,0.00,100.00,Yes,392,0,2
67,C,-16.30,-32.54,0.21,0.42,0,0.00,100.00,Yes,464,0,2
67,B,14.41,28.76,0.24,0.49,0,0.00,100.00,Yes,157,0,1
67,A,-42.06,-83.96,0.18,0.36,0,0.00,100.00,Yes,721,0,3
68,C,-25.19,-50.28,0.23,0.45,0,0.00,100.00,Yes,553,0,1
68,B,-47.06,-93.94,0.17,0.33,0,0.00,100.00,Yes,657,769,3
68,A,-46.86,-93.54,0.17,0.35,0,0.00,100.00,Yes,0,769,2
69,C,-54.39,-108.56,0.10,0.19,0,0.00,100.00,Yes,844,0,3
69,B,-8.94,-17.84,0.17,0.34,0,0.00,100.00,Yes,3,387,1
69,A,-44.97,-89.77,0.15,0.31,0,0.00,100.00,Yes,724,387,2
70,C,-31.54,-62.96,0.13,0.26,0,0.00,100.00,Yes,616,0,3
70,B,20.42,40.75,0.25,0.50,0,0.00,100.00,Yes,97,0,2
70,A,19.93,39.77,0.28,0.55,0,0.00,100.00,Yes,102,0,1
71,C,-34.54,-68.95,0.13,0.25,0,0.00,100.00,Yes,646,0,3
71,B,19.32,38.57,0.27,0.54,0,0.00,100.00,Yes,108,0,2
71,A,27.53,54.96,0.28,0.57,0,0.00,100.00,Yes,26,0,1
72,C,-28.62,-57.12,0.21,0.41,0,0.00,100.00,Yes,587,0,1
72,B,-51.38,-102.55,0.13,0.27,0,0.00,100.00,Yes,0,814,3
72,A,-55.18,-110.14,0.14,0.28,0,0.00,100.00,Yes,803,814,2
73,C,-26.69,-53.27,0.23,0.46,0,0.00,100.00,Yes,568,0,1
73,B,-46.67,-93.16,0.15,0.29,0,0.00,100.00,Yes,714,735,3
73,A,-46.77,-93.36,0.15,0.31,0,0.00,100.00,Yes,720,735,2
74,C,-29.60,-59.08,0.22,0.43,0,0.00,100.00,Yes,597,0,1
74,B,-53.98,-107.74,0.14,0.27,0,0.00,100.00,Yes,761,788,3
74,A,-51.78,-103.35,0.14,0.29,0,0.00,100.00,Yes,779,788,2
75,C,-21.10,-42.11,0.22,0.43,0,0.00,100.00,Yes,512,0,1
75,B,-52.27,-104.34,0.14,0.29,0,0.00,100.00,Yes,380,788,3
75,A,-52.68,-105.14,0.15,0.30,0,0.00,100.00,Yes,759,788,2
76,C,-16.39,-32.71,0.23,0.46,0,0.00,100.00,Yes,465,0,1
76,B,-50.98,-101.75,0.13,0.27,0,0.00,100.00,Yes,0,810,3
76,A,-53.38,-106.55,0.14,0.28,0,0.00,100.00,Yes,783,810,2
77,C,-18.39,-36.71,0.23,0.45,0,0.00,100.00,Yes,485,0,1
77,B,-47.37,-94.55,0.15,0.31,0,0.00,100.00,Yes,614,735,3
77,A,-45.57,-90.96,0.16,0.32,0,0.00,100.00,Yes,709,735,2
78,C,-15.99,-31.92,0.23,0.45,0,0.00,100.00,Yes,461,0,1
78,B,-51.98,-103.75,0.14,0.27,0,0.00,100.00,Yes,58,769,3
78,A,-52.28,-104.35,0.14,0.29,0,0.00,100.00,Yes,814,769,2
79,C,-23.59,-47.08,0.24,0.47,0,0.00,100.00,Yes,537,0,3
79,B,14.81,29.56,0.25,0.50,0,0.00,100.00,Yes,153,0,2
79,A,-1.47,-2.93,0.29,0.57,0,0.00,100.00,Yes,316,0,1
80,C,-7.78,-15.53,0.25,0.50,0,0.00,100.00,Yes,379,0,1
80,B,-47.47,-94.75,0.15,0.31,0,0.00,100.00,Yes,725,720,3
80,A,-45.37,-90.56,0.16,0.32,0,0.00,100.00,Yes,738,720,2
81,C,-23.80,-47.50,0.21,0.43,0,0.00,100.00,Yes,539,0,3
81,B,3.01,6.00,0.24,0.47,0,0.00,100.00,Yes,254,17,2
81,A,-9.70,-19.36,0.26,0.51,0,0.00,100.00,Yes,392,17,1
82,C,-35.33,-70.52,0.15,0.31,0,0.00,100.00,Yes,654,0,3
82,B,-53.18,-106.15,0.12,0.25,0,0.00,100.00,Yes,0,832,2
82,A,-56.28,-112.34,0.13,0.26,0,0.00,100.00,Yes,826,832,1
83,C,-31.51,-62.89,0.19,0.38,0,0.00,100.00,Yes,616,0,3
83,B,7.61,15.20,0.25,0.49,0,0.00,100.00,Yes,89,136,2
83,A,-16.91,-33.74,0.24,0.48,0,0.00,100.00,Yes,357,136,1
84,C,-18.10,-36.13,0.21,0.41,0,0.00,100.00,Yes,482,0,3
84,B,17.62,35.16,0.26,0.52,0,0.00,100.00,Yes,54,71,2
84,A,4.64,9.26,0.29,0.58,0,0.00,100.00,Yes,222,71,1
85,C,-14.68,-29.31,0.25,0.49,0,0.00,100.00,Yes,448,0,1
85,B,-24.24,-48.39,0.13,0.25,0,0.00,100.00,Yes,148,395,2
85,A,-45.47,-90.76,0.15,0.29,0,0.00,100.00,Yes,419,395,3
86,C,-46.36,-92.53,0.11,0.22,0,0.00,100.00,Yes,764,0,3
86,B,-49.47,-98.75,0.14,0.29,0,0.00,100.00,Yes,701,758,2
86,A,-48.97,-97.75,0.15,0.30,0,0.00,100.00,Yes,770,758,1
87,C,-14.59,-29.11,0.24,0.48,0,0.00,100.00,Yes,447,0,1
87,B,-54.98,-109.74,0.12,0.25,0,0.00,100.00,Yes,616,839,3
87,A,-55.78,-111.34,0.13,0.26,0,0.00,100.00,Yes,823,839,2
88,C,-15.38,-30.71,0.24,0.48,0,0.00,100.00,Yes,455,0,1
88,B,-33.87,-67.60,0.14,0.27,0,0.00,100.00,Yes,376,263,2
88,A,-32.17,-64.20,0.13,0.25,0,0.00,100.00,Yes,361,263,3
89,C,-48.27,-96.35,0.10,0.20,0,0.00,100.00,Yes,783,0,3
89,B,-48.97,-97.75,0.14,0.28,0,0.00,100.00,Yes,679,715,2
89,A,-49.28,-98.36,0.15,0.29,0,0.00,100.00,Yes,770,715,1
90,C,-42.14,-84.11,0.14,0.27,0,0.00,100.00,Yes,722,0,3
90,B,-40.35,-80.55,0.16,0.32,0,0.00,100.00,Yes,305,399,2
90,A,-34.16,-68.18,0.18,0.36,0,0.00,100.00,Yes,306,399,1
91,C,-50.59,-100.97,0.10,0.20,0,0.00,100.00,Yes,806,0,3
91,B,-46.98,-93.77,0.13,0.27,0,0.00,100.00,Yes,666,733,2
91,A,-48.48,-96.76,0.14,0.29,0,0.00,100.00,Yes,771,733,1
92,C,-32.82,-65.51,0.22,0.43,0,0.00,100.00,Yes,629,0,1
92,B,-50.07,-99.94,0.14,0.29,0,0.00,100.00,Yes,0,801,3
92,A,-50.37,-100.55,0.15,0.30,0,0.00,100.00,Yes,764,801,2
93,C,-21.69,-43.29,0.23,0.46,0,0.00,100.00,Yes,518,0,1
93,B,-55.18,-110.13,0.14,0.27,0,0.00,100.00,Yes,726,778,3
93,A,-49.48,-98.76,0.15,0.29,0,0.00,100.00,Yes,758,778,2
94,C,-24.59,-49.09,0.23,0.45,0,0.00,100.00,Yes,547,0,3
94,B,16.62,33.18,0.26,0.51,0,0.00,100.00,Yes,81,54,2
94,A,-13.28,-26.50,0.27,0.54,0,0.00,100.00,Yes,404,54,1
95,C,-19.59,-39.10,0.22,0.44,0,0.00,100.00,Yes,497,0,1
95,B,-55.98,-111.73,0.13,0.26,0,0.00,100.00,Yes,812,772,3
95,A,-51.78,-103.35,0.14,0.28,0,0.00,100.00,Yes,804,772,2
96,C,-16.69,-33.31,0.23,0.46,0,0.00,100.00,Yes,468,0,1
96,B,-52.98,-105.74,0.13,0.27,0,0.00,100.00,Yes,775,792,3
96,A,-51.68,-103.15,0.14,0.28,0,0.00,100.00,Yes,766,792,2
97,C,-19.39,-38.70,0.22,0.45,0,0.00,100.00,Yes,495,0,1
97,B,-56.68,-113.14,0.12,0.25,0,0.00,100.00,Yes,785,799,3
97,A,-52.58,-104.96,0.13,0.27,0,0.00,100.00,Yes,821,799,2
98,C,-38.45,-76.74,0.14,0.28,0,0.00,100.00,Yes,685,0,3
98,B,-56.78,-113.33,0.12,0.25,0,0.00,100.00,Yes,0,868,2
98,A,-56.78,-113.34,0.13,0.26,0,0.00,100.00,Yes,829,868,1
99,C,-19.09,-38.10,0.23,0.45,0,0.00,100.00,Yes,492,0,1
99,B,-52.17,-104.14,0.13,0.25,0,0.00,100.00,Yes,48,798,3
99,A,-51.88,-103.56,0.13,0.26,0,0.00,100.00,Yes,789,798,2
100,C,-25.58,-51.06,0.24,0.48,0,0.00,100.00,Yes,557,0,3
100,B,26.62,53.14,0.27,0.53,0,0.00,100.00,Yes,35,0,2
100,A,6.64,13.25,0.29,0.59,0,0.00,100.00,Yes,235,0,1
101,C,-35.04,-69.93,0.14,0.28,0,0.00,100.00,Yes,651,0,3
101,B,-51.38,-102.55,0.14,0.28,0,0.00,100.00,Yes,717,735,2
101,A,-45.98,-91.77,0.15,0.30,0,0.00,100.00,Yes,750,735,1
102,C,-44.47,-88.76,0.13,0.26,0,0.00,100.00,Yes,745,0,3
102,B,10.81,21.59,0.23,0.45,0,0.00,100.00,Yes,193,0,2
102,A,-18.11,-36.14,0.26,0.53,0,0.00,100.00,Yes,482,0,1
103,C,-41.65,-83.13,0.11,0.23,0,0.00,100.00,Yes,717,0,3
103,B,-54.88,-109.55,0.12,0.24,0,0.00,100.00,Yes,809,44,2
103,A,-55.68,-111.15,0.13,0.26,0,0.00,100.00,Yes,813,44,1
104,C,-21.99,-43.89,0.23,0.46,0,0.00,100.00,Yes,521,0,1
104,B,-47.27,-94.35,0.15,0.29,0,0.00,100.00,Yes,682,749,3
104,A,-47.77,-95.36,0.15,0.31,0,0.00,100.00,Yes,717,749,2
105,C,-25.50,-50.90,0.20,0.39,0,0.00,100.00,Yes,556,0,1
105,B,-52.28,-104.35,0.13,0.26,0,0.00,100.00,Yes,697,795,3
105,A,-52.98,-105.75,0.14,0.28,0,0.00,100.00,Yes,830,795,2
106,C,-22.40,-44.70,0.23,0.45,0,0.00,100.00,Yes,525,0,3
106,B,5.12,10.23,0.26,0.53,0,0.00,100.00,Yes,250,0,2
106,A,0.62,1.23,0.27,0.54,0,0.00,100.00,Yes,295,0,1
107,C,-23.78,-47.47,0.23,0.46,0,0.00,100.00,Yes,539,0,1
107,B,-53.67,-107.13,0.14,0.28,0,0.00,100.00,Yes,794,774,3
107,A,-50.98,-101.75,0.15,0.30,0,0.00,100.00,Yes,740,774,2
108,C,-38.35,-76.55,0.13,0.26,0,0.00,100.00,Yes,684,0,3
108,B,-55.58,-110.93,0.13,0.25,0,0.00,100.00,Yes,744,787,2
108,A,-50.78,-101.36,0.13,0.27,0,0.00,100.00,Yes,781,787,1
109,C,-22.71,-45.33,0.18,0.37,0,0.00,100.00,Yes,528,0,1
109,B,-45.48,-90.78,0.13,0.26,0,0.00,100.00,Yes,0,755,3
109,A,-52.68,-105.15,0.14,0.27,0,0.00,100.00,Yes,824,755,2
110,C,-22.89,-45.69,0.24,0.47,0,0.00,100.00,Yes,468,132,3
110,B,-0.89,-1.78,0.24,0.47,0,0.00,100.00,Yes,213,168,2
110,A,-22.41,-44.73,0.26,0.52,0,0.00,100.00,Yes,524,36,1
111,C,-33.91,-67.69,0.22,0.44,0,0.00,100.00,Yes,640,0,1
111,B,-54.38,-108.53,0.14,0.27,0,0.00,100.00,Yes,666,757,3
111,A,-48.08,-95.96,0.15,0.29,0,0.00,100.00,Yes,747,757,2
112,C,-45.06,-89.94,0.11,0.22,0,0.00,100.00,Yes,751,0,3
112,B,-51.58,-102.95,0.14,0.27,0,0.00,100.00,Yes,636,805,2
112,A,-51.88,-103.55,0.14,0.29,0,0.00,100.00,Yes,753,805,1
113,C,-19.98,-39.88,0.26,0.52,0,0.00,100.00,Yes,501,0,1
113,B,-54.07,-107.93,0.14,0.27,0,0.00,100.00,Yes,735,757,3
113,A,-47.68,-95.16,0.15,0.29,0,0.00,100.00,Yes,708,757,2
114,C,-24.09,-48.09,0.21,0.43,0,0.00,100.00,Yes,542,0,1
114,B,-54.58,-108.95,0.12,0.24,0,0.00,100.00,Yes,842,14,3
114,A,-53.28,-106.35,0.13,0.26,0,0.00,100.00,Yes,819,14,2
115,C,-16.29,-32.52,0.22,0.45,0,0.00,100.00,Yes,464,0,1
115,B,-52.87,-105.54,0.14,0.28,0,0.00,100.00,Yes,653,715,3
115,A,-46.48,-92.77,0.15,0.30,0,0.00,100.00,Yes,761,715,2
116,C,-30.11,-60.09,0.18,0.37,0,0.00,100.00,Yes,602,0,1
116,B,-48.68,-97.16,0.13,0.25,0,0.00,100.00,Yes,0,787,3
116,A,-51.78,-103.36,0.13,0.27,0,0.00,100.00,Yes,818,787,2
117,C,-52.39,-104.56,0.10,0.20,0,0.00,100.00,Yes,824,0,3
117,B,-51.88,-103.55,0.13,0.26,0,0.00,100.00,Yes,693,776,2
117,A,-50.18,-100.16,0.14,0.28,0,0.00,100.00,Yes,790,776,1
118,C,-36.04,-71.94,0.14,0.27,0,0.00,100.00,Yes,661,0,3
118,B,-51.28,-102.35,0.14,0.28,0,0.00,100.00,Yes,684,762,2
118,A,-50.78,-101.35,0.15,0.29,0,0.00,100.00,Yes,794,762,1
119,C,-19.50,-38.92,0.21,0.41,0,0.00,100.00,Yes,496,0,3
119,B,-25.32,-50.54,0.24,0.48,0,0.00,100.00,Yes,486,336,2
119,A,-29.72,-59.33,0.25,0.50,0,0.00,100.00,Yes,524,336,1
120,C,-40.43,-80.69,0.17,0.34,0,0.00,100.00,Yes,705,0,1
120,B,-53.78,-107.35,0.12,0.24,0,0.00,100.00,Yes,657,838,3
120,A,-54.48,-108.75,0.13,0.26,0,0.00,100.00,Yes,823,838,2
121,C,-30.74,-61.36,0.13,0.27,0,0.00,100.00,Yes,608,0,3
121,B,-52.68,-105.15,0.13,0.26,0,0.00,100.00,Yes,663,750,2
121,A,-49.38,-98.56,0.14,0.28,0,0.00,100.00,Yes,777,750,1
122,C,-32.93,-65.74,0.16,0.31,0,0.00,100.00,Yes,630,0,3
122,B,-55.08,-109.95,0.12,0.24,0,0.00,100.00,Yes,0,851,2
122,A,-58.39,-116.54,0.12,0.25,0,0.00,100.00,Yes,786,851,1
123,C,-25.81,-51.52,0.23,0.45,0,0.00,100.00,Yes,559,0,1
123,B,-54.78,-109.34,0.12,0.25,0,0.00,100.00,Yes,0,848,3
123,A,-56.18,-112.14,0.13,0.26,0,0.00,100.00,Yes,853,848,2
124,C,-33.82,-67.50,0.17,0.34,0,0.00,100.00,Yes,639,0,1
124,B,-52.78,-105.35,0.13,0.26,0,0.00,100.00,Yes,777,782,3
124,A,-54.28,-108.34,0.14,0.28,0,0.00,100.00,Yes,810,782,1
125,C,-35.15,-70.15,0.14,0.29,0,0.00,100.00,Yes,652,0,3
125,B,-54.98,-109.73,0.14,0.27,0,0.00,100.00,Yes,748,811,2
125,A,-54.48,-108.74,0.14,0.29,0,0.00,100.00,Yes,791,811,1
126,C,-40.06,-79.96,0.12,0.24,0,0.00,100.00,Yes,701,0,3
126,B,-56.08,-111.93,0.13,0.26,0,0.00,100.00,Yes,730,825,2
126,A,-55.68,-111.14,0.14,0.28,0,0.00,100.00,Yes,808,825,1
127,C,-25.89,-51.67,0.23,0.47,0,0.00,100.00,Yes,560,0,1
127,B,-54.98,-109.75,0.12,0.24,0,0.00,100.00,Yes,0,850,3
127,A,-55.68,-111.15,0.13,0.25,0,0.00,100.00,Yes,848,850,2
128,C,-45.36,-90.55,0.15,0.30,0,0.00,100.00,Yes,754,0,1
128,B,-52.38,-104.54,0.14,0.27,0,0.00,100.00,Yes,778,781,3
128,A,-48.38,-96.56,0.15,0.29,0,0.00,100.00,Yes,3,781,2
129,C,-32.13,-64.14,0.14,0.29,0,0.00,100.00,Yes,622,0,3
129,B,-44.86,-89.54,0.17,0.33,0,0.00,100.00,Yes,236,513,2
129,A,-43.06,-85.95,0.18,0.36,0,0.00,100.00,Yes,707,513,1
130,C,-37.03,-73.90,0.16,0.31,0,0.00,100.00,Yes,671,0,3
130,B,-54.38,-108.54,0.12,0.25,0,0.00,100.00,Yes,708,787,2
130,A,-50.58,-100.96,0.13,0.26,0,0.00,100.00,Yes,769,787,1
131,C,-29.18,-58.25,0.23,0.46,0,0.00,100.00,Yes,593,0,1
131,B,-55.58,-110.94,0.12,0.25,0,0.00,100.00,Yes,705,839,3
131,A,-56.08,-111.94,0.13,0.26,0,0.00,100.00,Yes,833,839,2
132,C,-31.23,-62.33,0.15,0.30,0,0.00,100.00,Yes,613,0,3
132,B,-54.28,-108.34,0.12,0.25,0,0.00,100.00,Yes,726,785,2
132,A,-50.68,-101.16,0.13,0.26,0,0.00,100.00,Yes,786,785,1
133,C,-38.94,-77.73,0.14,0.27,0,0.00,100.00,Yes,690,0,3
133,B,6.33,12.63,0.27,0.54,0,0.00,100.00,Yes,211,27,2
133,A,-9.36,-18.69,0.29,0.57,0,0.00,100.00,Yes,375,27,1
134,C,-28.19,-56.28,0.23,0.45,0,0.00,100.00,Yes,583,0,1
134,B,-54.98,-109.73,0.14,0.27,0,0.00,100.00,Yes,801,780,3
134,A,-52.58,-104.95,0.15,0.29,0,0.00,100.00,Yes,731,780,2
135,C,-35.73,-71.31,0.15,0.30,0,0.00,100.00,Yes,658,0,3
135,B,-52.68,-105.14,0.13,0.27,0,0.00,100.00,Yes,680,775,2
135,A,-52.78,-105.35,0.14,0.28,0,0.00,100.00,Yes,793,775,1
136,C,-35.10,-70.07,0.19,0.37,0,0.00,100.00,Yes,652,0,1
136,B,-55.88,-111.54,0.13,0.25,0,0.00,100.00,Yes,798,785,3
136,A,-51.58,-102.96,0.13,0.27,0,0.00,100.00,Yes,780,785,2
137,C,-27.18,-54.25,0.24,0.49,0,0.00,100.00,Yes,573,0,1
137,B,-53.18,-106.14,0.12,0.25,0,0.00,100.00,Yes,19,819,3
137,A,-54.68,-109.15,0.13,0.26,0,0.00,100.00,Yes,817,819,2
138,C,-31.82,-63.51,0.15,0.31,0,0.00,100.00,Yes,619,0,3
138,B,-57.98,-115.73,0.12,0.24,0,0.00,100.00,Yes,785,786,2
138,A,-53.28,-106.36,0.13,0.25,0,0.00,100.00,Yes,829,786,1
139,C,-15.58,-31.11,0.23,0.46,0,0.00,100.00,Yes,457,0,1
139,B,-49.68,-99.16,0.13,0.26,0,0.00,100.00,Yes,670,749,3
139,A,-51.48,-102.75,0.14,0.27,0,0.00,100.00,Yes,810,749,2
140,C,-46.55,-92.91,0.12,0.23,0,0.00,100.00,Yes,766,0,3
140,B,-52.58,-104.94,0.13,0.25,0,0.00,100.00,Yes,704,775,2
140,A,-49.78,-99.36,0.14,0.27,0,0.00,100.00,Yes,750,775,1
141,C,-43.45,-86.72,0.13,0.25,0,0.00,100.00,Yes,735,0,3
141,B,-49.27,-98.35,0.14,0.28,0,0.00,100.00,Yes,755,728,2
141,A,-48.68,-97.16,0.15,0.30,0,0.00,100.00,Yes,786,728,1
142,C,-35.71,-71.28,0.17,0.34,0,0.00,100.00,Yes,658,0,3
142,B,-56.28,-112.33,0.13,0.26,0,0.00,100.00,Yes,842,767,3
142,A,-46.88,-93.57,0.14,0.28,0,0.00,100.00,Yes,3,767,1
143,C,-39.84,-79.52,0.14,0.27,0,0.00,100.00,Yes,699,0,3
143,B,-55.68,-111.14,0.12,0.24,0,0.00,100.00,Yes,762,778,2
143,A,-51.48,-102.76,0.13,0.26,0,0.00,100.00,Yes,812,778,1
144,C,-27.63,-55.15,0.20,0.41,0,0.00,100.00,Yes,577,0,1
144,B,-50.38,-100.56,0.12,0.24,0,0.00,100.00,Yes,782,26,3
144,A,-53.98,-107.75,0.13,0.26,0,0.00,100.00,Yes,814,26,2
145,C,-14.68,-29.30,0.24,0.48,0,0.00,100.00,Yes,448,0,1
145,B,-53.48,-106.74,0.14,0.27,0,0.00,100.00,Yes,799,778,3
145,A,-51.98,-103.75,0.14,0.29,0,0.00,100.00,Yes,798,778,2
146,C,-21.48,-42.88,0.24,0.48,0,0.00,100.00,Yes,516,0,1
146,B,-57.18,-114.14,0.12,0.24,0,0.00,100.00,Yes,762,800,3
146,A,-53.58,-106.95,0.13,0.26,0,0.00,100.00,Yes,771,800,2
147,C,-34.04,-67.94,0.14,0.28,0,0.00,100.00,Yes,641,0,3
147,B,-54.98,-109.74,0.13,0.25,0,0.00,100.00,Yes,658,814,2
147,A,-54.08,-107.95,0.13,0.27,0,0.00,100.00,Yes,801,814,1
148,C,-38.22,-76.28,0.16,0.32,0,0.00,100.00,Yes,683,0,3
148,B,-57.18,-114.13,0.13,0.25,0,0.00,100.00,Yes,717,818,2
148,A,-53.88,-107.55,0.14,0.27,0,0.00,100.00,Yes,795,818,1
149,C,-31.02,-61.92,0.16,0.31,0,0.00,100.00,Yes,611,0,3
149,B,-56.88,-113.53,0.12,0.25,0,0.00,100.00,Yes,810,818,2
149,A,-55.88,-111.54,0.13,0.26,0,0.00,100.00,Yes,847,818,1
150,C,-41.85,-83.54,0.18,0.35,0,0.00,100.00,Yes,719,0,1
150,B,-54.08,-107.93,0.14,0.27,0,0.00,100.00,Yes,815,777,3
150,A,-50.98,-101.75,0.14,0.29,0,0.00,100.00,Yes,758,777,2
151,C,-11.98,-23.91,0.24,0.47,0,0.00,100.00,Yes,421,0,1
151,B,-57.58,-114.93,0.13,0.25,0,0.00,100.00,Yes,763,777,3
151,A,-50.18,-100.16,0.13,0.27,0,0.00,100.00,Yes,787,777,2
152,C,-35.53,-70.92,0.15,0.30,0,0.00,100.00,Yes,656,0,3
152,B,-57.28,-114.34,0.12,0.24,0,0.00,100.00,Yes,756,831,2
152,A,-54.98,-109.75,0.13,0.25,0,0.00,100.00,Yes,816,831,1
153,C,-21.48,-42.87,0.25,0.50,0,0.00,100.00,Yes,516,0,1
153,B,-49.18,-98.15,0.12,0.25,0,0.00,100.00,Yes,631,161,3
153,A,-40.77,-81.38,0.15,0.29,0,0.00,100.00,Yes,601,161,2
154,C,-38.55,-76.94,0.14,0.27,0,0.00,100.00,Yes,686,0,3
154,B,-51.48,-102.75,0.14,0.27,0,0.00,100.00,Yes,684,726,2
154,A,-49.68,-99.16,0.14,0.29,0,0.00,100.00,Yes,770,726,1
155,C,-19.38,-38.67,0.25,0.51,0,0.00,100.00,Yes,495,0,1
155,B,-59.09,-117.94,0.11,0.22,0,0.00,100.00,Yes,683,831,3
155,A,-55.28,-110.35,0.12,0.24,0,0.00,100.00,Yes,838,831,2
156,C,-36.35,-72.55,0.16,0.32,0,0.00,100.00,Yes,664,0,1
156,B,-55.48,-110.74,0.12,0.24,0,0.00,100.00,Yes,427,825,3
156,A,-55.68,-111.15,0.13,0.25,0,0.00,100.00,Yes,838,825,2
157,C,-31.62,-63.12,0.16,0.31,0,0.00,100.00,Yes,617,0,3
157,B,-55.38,-110.54,0.12,0.24,0,0.00,100.00,Yes,779,797,2
157,A,-54.08,-107.95,0.13,0.26,0,0.00,100.00,Yes,814,797,1
158,C,-18.58,-37.08,0.24,0.48,0,0.00,100.00,Yes,487,0,2
158,B,6.73,13.44,0.27,0.54,0,0.00,100.00,Yes,206,49,1
158,A,-33.17,-66.20,0.13,0.27,0,0.00,100.00,Yes,586,49,3
159,C,-35.21,-70.28,0.17,0.33,0,0.00,100.00,Yes,653,0,1
159,B,-58.37,-116.51,0.10,0.21,0,0.00,100.00,Yes,849,784,3
159,A,-51.97,-103.74,0.11,0.22,0,0.00,100.00,Yes,155,784,2
160,C,-40.64,-81.12,0.12,0.25,0,0.00,100.00,Yes,707,0,3
160,B,-54.48,-108.74,0.12,0.25,0,0.00,100.00,Yes,796,777,2
160,A,-53.58,-106.95,0.13,0.26,0,0.00,100.00,Yes,795,777,1
161,C,-16.69,-33.31,0.22,0.44,0,0.00,100.00,Yes,468,0,1
161,B,-55.88,-111.54,0.13,0.25,0,0.00,100.00,Yes,788,792,3
161,A,-55.68,-111.14,0.13,0.27,0,0.00,100.00,Yes,826,792,2
162,C,-41.56,-82.94,0.17,0.35,0,0.00,100.00,Yes,716,0,1
162,B,-56.08,-111.93,0.12,0.24,0,0.00,100.00,Yes,815,787,3
162,A,-52.08,-103.96,0.13,0.26,0,0.00,100.00,Yes,809,787,2
163,C,-32.72,-65.31,0.16,0.33,0,0.00,100.00,Yes,628,0,1
163,B,-57.38,-114.53,0.12,0.25,0,0.00,100.00,Yes,755,796,3
163,A,-53.58,-106.95,0.13,0.27,0,0.00,100.00,Yes,787,796,2
164,C,-24.11,-48.12,0.17,0.35,0,0.00,100.00,Yes,542,0,3
164,B,-51.78,-103.35,0.14,0.27,0,0.00,100.00,Yes,666,818,3
164,A,-54.38,-108.54,0.15,0.29,0,0.00,100.00,Yes,828,818,1
165,C,-37.13,-74.11,0.14,0.29,0,0.00,100.00,Yes,672,0,3
165,B,-57.08,-113.94,0.12,0.23,0,0.00,100.00,Yes,582,859,2
165,A,-57.39,-114.54,0.12,0.25,0,0.00,100.00,Yes,842,859,1
166,C,-23.08,-46.06,0.24,0.48,0,0.00,100.00,Yes,532,0,1
166,B,-57.78,-115.32,0.14,0.27,0,0.00,100.00,Yes,854,758,3
166,A,-51.58,-102.95,0.14,0.29,0,0.00,100.00,Yes,803,758,2
167,C,-26.24,-52.38,0.15,0.30,0,0.00,100.00,Yes,563,0,3
167,B,-55.68,-111.14,0.12,0.25,0,0.00,100.00,Yes,829,800,2
167,A,-52.18,-104.16,0.13,0.26,0,0.00,100.00,Yes,810,800,1
168,C,-50.78,-101.36,0.10,0.21,0,0.00,100.00,Yes,808,0,3
168,B,-55.28,-110.34,0.12,0.25,0,0.00,100.00,Yes,685,821,2
168,A,-55.18,-110.15,0.13,0.26,0,0.00,100.00,Yes,783,821,1
169,C,-25.32,-50.53,0.16,0.33,0,0.00,100.00,Yes,554,0,1
169,B,-51.18,-102.15,0.12,0.24,0,0.00,100.00,Yes,60,812,3
169,A,-54.08,-107.95,0.13,0.26,0,0.00,100.00,Yes,806,812,2
170,C,-40.90,-81.64,0.19,0.37,0,0.00,100.00,Yes,710,0,1
170,B,-53.58,-106.95,0.13,0.25,0,0.00,100.00,Yes,626,823,3
170,A,-53.58,-106.95,0.13,0.27,0,0.00,100.00,Yes,829,823,2
171,C,-48.76,-97.33,0.16,0.33,0,0.00,100.00,Yes,788,0,1
171,B,-56.98,-113.73,0.13,0.26,0,0.00,100.00,Yes,839,812,3
171,A,-54.28,-108.34,0.14,0.28,0,0.00,100.00,Yes,813,812,2
172,C,-18.19,-36.30,0.21,0.41,0,0.00,100.00,Yes,483,0,1
172,B,-55.18,-110.14,0.12,0.24,0,0.00,100.00,Yes,769,789,3
172,A,-52.88,-105.56,0.13,0.25,0,0.00,100.00,Yes,788,789,2
173,C,-34.73,-69.31,0.15,0.30,0,0.00,100.00,Yes,648,0,3
173,B,-55.98,-111.74,0.13,0.25,0,0.00,100.00,Yes,777,789,2
173,A,-52.08,-103.95,0.14,0.27,0,0.00,100.00,Yes,438,789,1
174,C,-33.12,-66.11,0.16,0.32,0,0.00,100.00,Yes,632,0,3
174,B,-55.98,-111.73,0.13,0.27,0,0.00,100.00,Yes,818,745,2
174,A,-49.18,-98.16,0.14,0.28,0,0.00,100.00,Yes,709,745,1
175,C,-35.91,-71.69,0.17,0.33,0,0.00,100.00,Yes,660,0,1
175,B,-54.28,-108.35,0.12,0.23,0,0.00,100.00,Yes,729,806,3
175,A,-54.99,-109.75,0.12,0.25,0,0.00,100.00,Yes,843,806,2
176,C,-15.28,-30.49,0.24,0.48,0,0.00,100.00,Yes,454,0,1
176,B,-56.78,-113.34,0.12,0.24,0,0.00,100.00,Yes,760,837,3
176,A,-58.98,-117.73,0.13,0.26,0,0.00,100.00,Yes,857,837,2
177,C,-46.25,-92.32,0.15,0.31,0,0.00,100.00,Yes,763,0,1
177,B,-57.98,-115.73,0.12,0.24,0,0.00,100.00,Yes,762,729,3
177,A,-52.88,-105.56,0.13,0.25,0,0.00,100.00,Yes,827,729,2
178,C,-44.24,-88.31,0.13,0.25,0,0.00,100.00,Yes,743,0,3
178,B,-57.48,-114.73,0.13,0.25,0,0.00,100.00,Yes,731,780,2
178,A,-52.08,-103.95,0.14,0.27,0,0.00,100.00,Yes,810,780,1
179,C,-24.68,-49.26,0.23,0.47,0,0.00,100.00,Yes,548,0,2
179,B,-12.29,-24.53,0.24,0.48,0,0.00,100.00,Yes,409,62,2
179,A,-9.55,-19.06,0.14,0.28,0,0.00,100.00,Yes,334,62,3
180,C,-31.91,-63.69,0.18,0.35,0,0.00,100.00,Yes,620,0,1
180,B,-55.88,-111.53,0.13,0.26,0,0.00,100.00,Yes,716,776,3
180,A,-50.88,-101.56,0.14,0.27,0,0.00,100.00,Yes,807,776,2
181,C,-34.32,-68.51,0.16,0.31,0,0.00,100.00,Yes,644,0,3
181,B,-51.68,-103.16,0.12,0.23,0,0.00,100.00,Yes,0,817,3
181,A,-58.19,-116.14,0.12,0.25,0,0.00,100.00,Yes,859,817,1
182,C,-12.48,-24.90,0.25,0.50,0,0.00,100.00,Yes,426,0,1
182,B,-48.58,-96.96,0.09,0.18,0,0.00,100.00,Yes,786,0,3
182,A,-48.49,-96.78,0.12,0.23,0,0.00,100.00,Yes,785,0,2
183,C,-51.08,-101.97,0.10,0.20,0,0.00,100.00,Yes,811,0,3
183,B,-58.78,-117.33,0.12,0.23,0,0.00,100.00,Yes,814,753,2
183,A,-50.69,-101.17,0.12,0.25,0,0.00,100.00,Yes,749,753,1
184,C,-34.62,-69.10,0.16,0.32,0,0.00,100.00,Yes,647,0,3
184,B,-58.58,-116.93,0.12,0.24,0,0.00,100.00,Yes,837,803,2
184,A,-53.88,-107.55,0.13,0.26,0,0.00,100.00,Yes,826,803,1
185,C,-22.28,-44.48,0.23,0.46,0,0.00,100.00,Yes,524,0,1
185,B,-55.98,-111.74,0.12,0.23,0,0.00,100.00,Yes,757,721,3
185,A,-48.08,-95.98,0.13,0.25,0,0.00,100.00,Yes,740,721,2
186,C,-18.79,-37.50,0.22,0.45,0,0.00,100.00,Yes,489,0,1
186,B,-56.38,-112.54,0.12,0.25,0,0.00,100.00,Yes,808,807,3
186,A,-55.08,-109.95,0.13,0.26,0,0.00,100.00,Yes,813,807,2
187,C,-16.77,-33.47,0.27,0.54,0,0.00,100.00,Yes,469,0,1
187,B,-57.98,-115.73,0.12,0.25,0,0.00,100.00,Yes,827,735,3
187,A,-51.28,-102.36,0.13,0.26,0,0.00,100.00,Yes,806,735,2
188,C,-26.13,-52.16,0.15,0.29,0,0.00,100.00,Yes,562,0,3
188,B,-55.38,-110.54,0.13,0.25,0,0.00,100.00,Yes,728,771,2
188,A,-52.18,-104.15,0.14,0.27,0,0.00,100.00,Yes,738,771,1
189,C,-37.21,-74.27,0.17,0.33,0,0.00,100.00,Yes,673,0,1
189,B,-59.88,-119.53,0.12,0.24,0,0.00,100.00,Yes,777,777,3
189,A,-51.88,-103.56,0.13,0.25,0,0.00,100.00,Yes,798,777,1
190,C,-29.52,-58.91,0.17,0.34,0,0.00,100.00,Yes,596,0,1
190,B,-58.58,-116.93,0.12,0.24,0,0.00,100.00,Yes,837,758,3
190,A,-48.58,-96.97,0.13,0.26,0,0.00,100.00,Yes,748,758,1
191,C,-37.74,-75.33,0.14,0.28,0,0.00,100.00,Yes,678,0,3
191,B,-59.99,-119.73,0.11,0.22,0,0.00,100.00,Yes,712,803,2
191,A,-54.29,-108.36,0.12,0.24,0,0.00,100.00,Yes,809,803,1
192,C,-38.13,-76.11,0.15,0.29,0,0.00,100.00,Yes,682,0,3
192,B,-60.68,-121.13,0.12,0.23,0,0.00,100.00,Yes,860,813,2
192,A,-54.68,-109.15,0.13,0.25,0,0.00,100.00,Yes,825,813,1
193,C,-37.13,-74.12,0.14,0.28,0,0.00,100.00,Yes,672,0,3
193,B,-57.08,-113.92,0.13,0.27,0,0.00,100.00,Yes,804,791,2
193,A,-49.37,-98.55,0.14,0.29,0,0.00,100.00,Yes,32,791,1
194,C,-20.27,-40.47,0.25,0.50,0,0.00,100.00,Yes,504,0,1
194,B,-57.08,-113.93,0.13,0.25,0,0.00,100.00,Yes,729,817,3
194,A,-56.08,-111.94,0.13,0.27,0,0.00,100.00,Yes,816,817,2
195,C,-14.28,-28.50,0.24,0.47,0,0.00,100.00,Yes,444,0,1
195,B,-55.88,-111.54,0.12,0.25,0,0.00,100.00,Yes,816,768,3
195,A,-51.98,-103.76,0.13,0.26,0,0.00,100.00,Yes,817,768,2
196,C,-38.85,-77.54,0.15,0.30,0,0.00,100.00,Yes,586,118,3
196,B,-9.88,-19.72,0.25,0.49,0,0.00,100.00,Yes,364,56,1
196,A,-17.75,-35.43,0.14,0.29,0,0.00,100.00,Yes,304,174,3
197,C,-45.46,-90.74,0.14,0.29,0,0.00,100.00,Yes,755,0,1
197,B,-53.09,-105.96,0.11,0.21,0,0.00,100.00,Yes,825,14,3
197,A,-54.59,-108.95,0.12,0.24,0,0.00,100.00,Yes,832,14,2
198,C,-32.23,-64.34,0.15,0.30,0,0.00,100.00,Yes,623,0,3
198,B,-57.68,-115.13,0.13,0.25,0,0.00,100.00,Yes,757,800,2
198,A,-54.58,-108.95,0.14,0.27,0,0.00,100.00,Yes,804,800,1
199,C,-36.13,-72.11,0.17,0.34,0,0.00,100.00,Yes,662,0,1
199,B,-53.88,-107.55,0.12,0.24,0,0.00,100.00,Yes,710,716,3
199,A,-47.28,-94.38,0.13,0.26,0,0.00,100.00,Yes,677,716,2
200,C,-55.08,-109.94,0.10,0.20,0,0.00,100.00,Yes,851,0,3
200,B,-56.08,-111.94,0.11,0.22,0,0.00,100.00,Yes,789,722,2
200,A,-48.59,-96.98,0.12,0.24,0,0.00,100.00,Yes,786,722,1
201,C,-27.31,-54.52,0.16,0.33,0,0.00,100.00,Yes,574,0,1
201,B,-55.28,-110.35,0.12,0.23,0,0.00,100.00,Yes,744,769,3
201,A,-51.58,-102.96,0.12,0.25,0,0.00,100.00,Yes,796,769,2
202,C,-31.61,-63.10,0.17,0.34,0,0.00,100.00,Yes,617,0,1
202,B,-57.08,-113.93,0.13,0.25,0,0.00,100.00,Yes,763,795,3
202,A,-51.88,-103.56,0.13,0.27,0,0.00,100.00,Yes,758,795,2
203,C,-18.79,-37.51,0.20,0.40,0,0.00,100.00,Yes,489,0,1
203,B,-55.58,-110.94,0.12,0.24,0,0.00,100.00,Yes,713,796,3
203,A,-53.88,-107.55,0.13,0.26,0,0.00,100.00,Yes,792,796,2
204,C,-24.82,-49.54,0.16,0.33,0,0.00,100.00,Yes,549,0,1
204,B,-48.57,-96.95,0.13,0.25,0,0.00,100.00,Yes,217,770,3
204,A,-48.28,-96.37,0.13,0.25,0,0.00,100.00,Yes,32,770,2
205,C,-15.67,-31.28,0.26,0.52,0,0.00,100.00,Yes,458,0,1
205,B,-54.98,-109.74,0.12,0.24,0,0.00,100.00,Yes,817,738,3
205,A,-49.48,-98.77,0.13,0.26,0,0.00,100.00,Yes,759,738,2
206,C,-26.72,-53.33,0.16,0.32,0,0.00,100.00,Yes,568,0,3
206,B,-56.78,-113.33,0.13,0.26,0,0.00,100.00,Yes,783,791,2
206,A,-52.98,-105.75,0.14,0.28,0,0.00,100.00,Yes,825,791,1
207,C,-30.72,-61.31,0.16,0.33,0,0.00,100.00,Yes,608,0,1
207,B,-55.88,-111.55,0.11,0.23,0,0.00,100.00,Yes,830,717,3
207,A,-52.29,-104.36,0.12,0.25,0,0.00,100.00,Yes,811,717,1
208,C,-22.37,-44.66,0.25,0.49,0,0.00,100.00,Yes,525,0,1
208,B,-55.78,-111.35,0.11,0.22,0,0.00,100.00,Yes,820,689,3
208,A,-47.98,-95.77,0.12,0.24,0,0.00,100.00,Yes,583,689,2
209,C,-37.00,-73.86,0.19,0.37,0,0.00,100.00,Yes,671,0,1
209,B,-56.48,-112.74,0.11,0.22,0,0.00,100.00,Yes,794,656,3
209,A,-51.98,-103.76,0.12,0.25,0,0.00,100.00,Yes,796,656,2
210,C,-34.01,-67.89,0.17,0.35,0,0.00,100.00,Yes,641,0,1
210,B,-56.98,-113.73,0.12,0.24,0,0.00,100.00,Yes,765,776,3
210,A,-51.78,-103.36,0.13,0.26,0,0.00,100.00,Yes,775,776,2
211,C,-40.33,-80.50,0.17,0.34,0,0.00,100.00,Yes,704,0,1
211,B,-58.78,-117.33,0.11,0.22,0,0.00,100.00,Yes,800,792,3
211,A,-55.39,-110.55,0.12,0.24,0,0.00,100.00,Yes,827,792,2
212,C,-22.41,-44.73,0.16,0.33,0,0.00,100.00,Yes,525,0,1
212,B,-57.18,-114.14,0.12,0.24,0,0.00,100.00,Yes,838,797,3
212,A,-55.28,-110.35,0.13,0.26,0,0.00,100.00,Yes,826,797,1
213,C,-31.10,-62.08,0.18,0.36,0,0.00,100.00,Yes,612,0,1
213,B,-58.68,-117.13,0.12,0.23,0,0.00,100.00,Yes,830,788,3
213,A,-54.18,-108.15,0.13,0.25,0,0.00,100.00,Yes,827,788,2
214,C,-28.73,-57.34,0.15,0.30,0,0.00,100.00,Yes,588,0,3
214,B,-51.51,-102.81,0.22,0.43,0,0.00,100.00,Yes,649,674,2
214,A,-37.61,-75.07,0.22,0.44,0,0.00,100.00,Yes,3,674,1
215,C,-24.52,-48.93,0.16,0.32,0,0.00,100.00,Yes,546,0,3
215,B,-57.28,-114.33,0.13,0.25,0,0.00,100.00,Yes,770,807,2
215,A,-53.38,-106.55,0.13,0.27,0,0.00,100.00,Yes,784,807,1
216,C,-30.91,-61.69,0.18,0.35,0,0.00,100.00,Yes,610,0,1
216,B,-48.27,-96.34,0.13,0.26,0,0.00,100.00,Yes,272,728,2
216,A,-51.77,-103.34,0.13,0.26,0,0.00,100.00,Yes,127,728,2
217,C,-22.11,-44.13,0.17,0.34,0,0.00,100.00,Yes,522,0,3
217,B,-56.78,-113.33,0.13,0.26,0,0.00,100.00,Yes,854,817,2
217,A,-55.58,-110.94,0.14,0.28,0,0.00,100.00,Yes,829,817,1
218,C,-54.38,-108.55,0.11,0.21,0,0.00,100.00,Yes,844,0,3
218,B,-51.22,-102.24,0.20,0.40,0,0.00,100.00,Yes,672,705,2
218,A,-40.72,-81.28,0.20,0.40,0,0.00,100.00,Yes,3,705,1
219,C,-37.92,-75.68,0.16,0.31,0,0.00,100.00,Yes,680,0,3
219,B,-57.88,-115.53,0.12,0.25,0,0.00,100.00,Yes,787,783,2
219,A,-53.78,-107.35,0.13,0.26,0,0.00,100.00,Yes,834,783,1
220,C,-28.30,-56.49,0.18,0.36,0,0.00,100.00,Yes,578,10,1
220,B,-34.26,-68.39,0.07,0.13,0,0.00,100.00,Yes,634,11,2
220,A,1.66,3.32,0.10,0.21,0,0.00,100.00,Yes,263,21,2
221,C,-54.28,-108.34,0.11,0.22,0,0.00,100.00,Yes,843,0,3
221,B,-58.38,-116.53,0.12,0.23,0,0.00,100.00,Yes,785,704,2
221,A,-51.98,-103.76,0.13,0.25,0,0.00,100.00,Yes,710,704,1
222,C,-29.09,-58.06,0.20,0.39,0,0.00,100.00,Yes,592,0,1
222,B,-55.98,-111.74,0.12,0.24,0,0.00,100.00,Yes,794,820,3
222,A,-56.68,-113.14,0.13,0.26,0,0.00,100.00,Yes,835,820,2
223,C,-49.26,-98.32,0.14,0.28,0,0.00,100.00,Yes,793,0,3
223,B,-58.68,-117.13,0.12,0.24,0,0.00,100.00,Yes,802,795,2
223,A,-54.58,-108.95,0.13,0.25,0,0.00,100.00,Yes,795,795,1
224,C,-35.33,-70.52,0.17,0.34,0,0.00,100.00,Yes,654,0,1
224,B,-58.48,-116.73,0.12,0.25,0,0.00,100.00,Yes,839,789,3
224,A,-50.78,-101.36,0.13,0.27,0,0.00,100.00,Yes,493,789,2
225,C,-51.38,-102.56,0.10,0.20,0,0.00,100.00,Yes,814,0,3
225,B,-58.08,-115.93,0.12,0.24,0,0.00,100.00,Yes,806,824,2
225,A,-55.58,-110.95,0.13,0.25,0,0.00,100.00,Yes,842,824,1
226,C,-24.60,-49.10,0.18,0.37,0,0.00,100.00,Yes,547,0,1
226,B,-57.39,-114.54,0.11,0.22,0,0.00,100.00,Yes,384,868,3
226,A,-57.89,-115.55,0.12,0.24,0,0.00,100.00,Yes,869,868,2
227,C,-33.40,-66.68,0.18,0.36,0,0.00,100.00,Yes,635,0,1
227,B,-56.08,-111.94,0.12,0.24,0,0.00,100.00,Yes,805,766,3
227,A,-51.68,-103.16,0.13,0.26,0,0.00,100.00,Yes,710,766,2
228,C,-33.49,-66.85,0.19,0.39,0,0.00,100.00,Yes,636,0,1
228,B,-28.43,-56.75,0.13,0.26,0,0.00,100.00,Yes,405,226,2
228,A,-5.25,-10.48,0.10,0.20,0,0.00,100.00,Yes,127,226,3
229,C,-45.15,-90.13,0.15,0.30,0,0.00,100.00,Yes,752,0,1
229,B,-57.78,-115.33,0.12,0.24,0,0.00,100.00,Yes,821,789,3
229,A,-55.08,-109.95,0.13,0.26,0,0.00,100.00,Yes,832,789,2
230,C,-33.12,-66.11,0.16,0.31,0,0.00,100.00,Yes,632,0,3
230,B,-54.29,-108.36,0.11,0.22,0,0.00,100.00,Yes,487,794,2
230,A,-54.78,-109.35,0.12,0.24,0,0.00,100.00,Yes,825,794,1
231,C,-30.82,-61.51,0.16,0.32,0,0.00,100.00,Yes,609,0,1
231,B,-58.38,-116.53,0.08,0.17,0,0.00,100.00,Yes,301,731,3
231,A,-50.38,-100.55,0.09,0.19,0,0.00,100.00,Yes,73,731,2
232,C,-32.20,-64.27,0.18,0.37,0,0.00,100.00,Yes,623,0,1
232,B,-56.68,-113.14,0.12,0.24,0,0.00,100.00,Yes,839,808,3
232,A,-56.48,-112.74,0.13,0.26,0,0.00,100.00,Yes,844,808,2
233,C,-37.60,-75.05,0.19,0.37,0,0.00,100.00,Yes,677,0,1
233,B,-57.58,-114.93,0.13,0.26,0,0.00,100.00,Yes,839,792,3
233,A,-53.28,-106.35,0.14,0.28,0,0.00,100.00,Yes,785,792,2
234,C,-25.21,-50.32,0.17,0.34,0,0.00,100.00,Yes,553,0,1
234,B,-58.68,-117.12,0.13,0.25,0,0.00,100.00,Yes,833,769,3
234,A,-50.88,-101.56,0.14,0.27,0,0.00,100.00,Yes,348,769,2
235,C,-26.10,-52.10,0.17,0.35,0,0.00,100.00,Yes,562,0,1
235,B,-56.08,-111.94,0.12,0.25,0,0.00,100.00,Yes,768,792,3
235,A,-51.78,-103.36,0.13,0.26,0,0.00,100.00,Yes,747,792,2
236,C,-19.78,-39.49,0.25,0.50,0,0.00,100.00,Yes,499,0,1
236,B,-56.58,-112.93,0.13,0.26,0,0.00,100.00,Yes,770,795,3
236,A,-52.18,-104.15,0.14,0.27,0,0.00,100.00,Yes,551,795,2
237,C,-26.91,-53.72,0.17,0.33,0,0.00,100.00,Yes,570,0,3
237,B,-46.16,-92.13,0.12,0.25,0,0.00,100.00,Yes,673,488,2
237,A,-24.97,-49.84,0.12,0.24,0,0.00,100.00,Yes,144,488,1
238,C,-37.72,-75.28,0.16,0.32,0,0.00,100.00,Yes,678,0,3
238,B,5.94,11.87,0.29,0.57,0,0.00,100.00,Yes,211,40,1
238,A,-13.96,-27.85,0.15,0.30,0,0.00,100.00,Yes,401,40,2
239,C,-26.39,-52.68,0.19,0.38,0,0.00,100.00,Yes,565,0,1
239,B,-57.78,-115.34,0.12,0.23,0,0.00,100.00,Yes,657,850,3
239,A,-57.79,-115.34,0.12,0.25,0,0.00,100.00,Yes,860,850,2
240,C,-33.50,-66.86,0.18,0.37,0,0.00,100.00,Yes,636,0,1
240,B,-19.43,-38.77,0.14,0.28,0,0.00,100.00,Yes,286,212,2
240,A,-13.35,-26.65,0.11,0.22,0,0.00,100.00,Yes,227,212,3
241,C,-34.11,-68.09,0.16,0.32,0,0.00,100.00,Yes,642,0,1
241,B,-59.59,-118.93,0.10,0.19,0,0.00,100.00,Yes,894,746,3
241,A,-52.08,-103.96,0.10,0.21,0,0.00,100.00,Yes,718,746,2
242,C,-29.61,-59.10,0.17,0.35,0,0.00,100.00,Yes,597,0,1
242,B,-58.68,-117.13,0.12,0.24,0,0.00,100.00,Yes,843,765,3
242,A,-48.88,-97.57,0.13,0.26,0,0.00,100.00,Yes,450,765,2
243,C,-33.30,-66.46,0.19,0.38,0,0.00,100.00,Yes,634,0,1
243,B,-57.58,-114.93,0.13,0.25,0,0.00,100.00,Yes,767,812,3
243,A,-54.78,-109.35,0.13,0.27,0,0.00,100.00,Yes,807,812,2
244,C,-25.81,-51.51,0.17,0.33,0,0.00,100.00,Yes,559,0,3
244,B,-58.08,-115.93,0.12,0.24,0,0.00,100.00,Yes,859,810,2
244,A,-54.58,-108.95,0.13,0.26,0,0.00,100.00,Yes,821,810,1
245,C,-40.85,-81.54,0.15,0.31,0,0.00,100.00,Yes,709,0,1
245,B,-56.98,-113.73,0.13,0.25,0,0.00,100.00,Yes,723,795,3
245,A,-52.68,-105.15,0.13,0.27,0,0.00,100.00,Yes,779,795,2
246,C,-21.00,-41.91,0.20,0.39,0,0.00,100.00,Yes,511,0,1
246,B,-57.78,-115.33,0.12,0.25,0,0.00,100.00,Yes,782,795,3
246,A,-54.18,-108.15,0.13,0.26,0,0.00,100.00,Yes,815,795,2
247,C,-32.42,-64.71,0.16,0.31,0,0.00,100.00,Yes,625,0,1
247,B,-54.67,-109.12,0.09,0.17,0,0.00,100.00,Yes,793,801,3
247,A,-50.87,-101.54,0.09,0.19,0,0.00,100.00,Yes,8,801,2
248,C,-45.34,-90.50,0.16,0.31,0,0.00,100.00,Yes,754,0,3
248,B,-49.48,-98.77,0.12,0.24,0,0.00,100.00,Yes,0,795,2
248,A,-56.98,-113.74,0.13,0.25,0,0.00,100.00,Yes,861,795,1
249,C,-31.61,-63.09,0.17,0.34,0,0.00,100.00,Yes,617,0,1
249,B,-57.58,-114.93,0.12,0.25,0,0.00,100.00,Yes,826,723,3
249,A,-45.68,-91.18,0.13,0.27,0,0.00,100.00,Yes,451,723,1
250,C,-30.62,-61.12,0.15,0.30,0,0.00,100.00,Yes,607,0,3
250,B,-59.28,-118.33,0.12,0.24,0,0.00,100.00,Yes,865,800,2
250,A,-55.38,-110.55,0.13,0.26,0,0.00,100.00,Yes,817,800,1
